{
  "architecture": "attention",
  "experiment": "ebbinghaus",
  "per_seed": {
    "42": {
      "seed": 42,
      "n_near_values": [
        0,
        10,
        50,
        100,
        200,
        500,
        1000
      ],
      "per_n_near": {
        "0": {
          "ages": [
            30.0,
            24.0,
            18.0,
            12.0,
            6.0
          ],
          "accuracies": [
            0.98,
            0.98,
            0.98,
            0.98,
            0.98
          ],
          "fitted_b": 8.283994789520909e-06,
          "fitted_a": 0.49136300038478803,
          "fitted_c": 0.48864818870092797,
          "r_squared": -4.342897687147366e+20,
          "fit_success": true
        },
        "10": {
          "ages": [
            30.0,
            24.0,
            18.0,
            12.0,
            6.0
          ],
          "accuracies": [
            0.9,
            0.94,
            0.94,
            0.94,
            0.92
          ],
          "fitted_b": 0.004750747669211732,
          "fitted_a": 0.9024099556560033,
          "fitted_c": 0.037296599735493596,
          "r_squared": 0.022918389127309702,
          "fit_success": true
        },
        "50": {
          "ages": [
            30.0,
            24.0,
            18.0,
            12.0,
            6.0
          ],
          "accuracies": [
            0.92,
            0.96,
            0.94,
            0.92,
            0.88
          ],
          "fitted_b": 6.543907999815763e-13,
          "fitted_a": 0.47557263174959485,
          "fitted_c": 0.4484273677741654,
          "r_squared": -1.0305090114570703e-11,
          "fit_success": true
        },
        "100": {
          "ages": [
            30.0,
            24.0,
            18.0,
            12.0,
            6.0
          ],
          "accuracies": [
            0.9,
            0.9,
            0.9,
            0.94,
            0.9
          ],
          "fitted_b": 0.007133834769384932,
          "fitted_a": 0.9259766129981322,
          "fitted_c": 3.2377295727893123e-10,
          "r_squared": 0.05357320376090491,
          "fit_success": true
        },
        "200": {
          "ages": [
            30.0,
            24.0,
            18.0,
            12.0,
            6.0
          ],
          "accuracies": [
            0.04,
            0.04,
            0.02,
            0.02,
            0.02
          ],
          "fitted_b": 4.999995116707751,
          "fitted_a": 4.835625720374728e-07,
          "fitted_c": 0.028000001091611066,
          "r_squared": -2.142191535270399e-09,
          "fit_success": true
        },
        "500": {
          "ages": [
            30.0,
            24.0,
            18.0,
            12.0,
            6.0
          ],
          "accuracies": [
            0.04,
            0.06,
            0.02,
            0.02,
            0.02
          ],
          "fitted_b": 4.999999862726555,
          "fitted_a": 8.656866817466878e-09,
          "fitted_c": 0.03200000003486246,
          "r_squared": -2.1559865004405765e-11,
          "fit_success": true
        },
        "1000": {
          "ages": [
            30.0,
            24.0,
            18.0,
            12.0,
            6.0
          ],
          "accuracies": [
            0.04,
            0.06,
            0.02,
            0.02,
            0.02
          ],
          "fitted_b": 4.999999862726555,
          "fitted_a": 8.656866817466878e-09,
          "fitted_c": 0.03200000003486246,
          "r_squared": -2.1559865004405765e-11,
          "fit_success": true
        }
      }
    },
    "123": {
      "seed": 123,
      "n_near_values": [
        0,
        10,
        50,
        100,
        200,
        500,
        1000
      ],
      "per_n_near": {
        "0": {
          "ages": [
            30.0,
            24.0,
            18.0,
            12.0,
            6.0
          ],
          "accuracies": [
            0.96,
            0.96,
            0.96,
            0.96,
            0.96
          ],
          "fitted_b": 8.879125520026133e-06,
          "fitted_a": 0.47596143441869576,
          "fitted_c": 0.4840501821689322,
          "r_squared": 0.0,
          "fit_success": true
        },
        "10": {
          "ages": [
            30.0,
            24.0,
            18.0,
            12.0,
            6.0
          ],
          "accuracies": [
            0.9,
            0.94,
            0.92,
            0.92,
            0.92
          ],
          "fitted_b": 0.004017142360302118,
          "fitted_a": 0.6909221070180616,
          "fitted_c": 0.23666478791191156,
          "r_squared": 0.015323695154165984,
          "fit_success": true
        },
        "50": {
          "ages": [
            30.0,
            24.0,
            18.0,
            12.0,
            6.0
          ],
          "accuracies": [
            0.92,
            0.9,
            0.88,
            0.88,
            0.92
          ],
          "fitted_b": 0.005852834742343442,
          "fitted_a": 0.40648610962203136,
          "fitted_c": 0.49999999999999994,
          "r_squared": 0.005340818437092998,
          "fit_success": true
        },
        "100": {
          "ages": [
            30.0,
            24.0,
            18.0,
            12.0,
            6.0
          ],
          "accuracies": [
            0.0,
            0.0,
            0.02,
            0.04,
            0.0
          ],
          "fitted_b": 4.999987934935004,
          "fitted_a": 9.201204024646484e-07,
          "fitted_c": 0.01200000725877437,
          "r_squared": -2.0539157041810086e-09,
          "fit_success": true
        },
        "200": {
          "ages": [
            30.0,
            24.0,
            18.0,
            12.0,
            6.0
          ],
          "accuracies": [
            0.0,
            0.02,
            0.0,
            0.0,
            0.0
          ],
          "fitted_b": 4.999930664014365,
          "fitted_a": 1.2003388941347892e-05,
          "fitted_c": 0.0040000498803437244,
          "r_squared": -3.9861882683567273e-08,
          "fit_success": true
        },
        "500": {
          "ages": [
            30.0,
            24.0,
            18.0,
            12.0,
            6.0
          ],
          "accuracies": [
            0.0,
            0.0,
            0.0,
            0.0,
            0.0
          ],
          "fitted_b": 4.288157286144927,
          "fitted_a": 0.130378929005394,
          "fitted_c": 2.930436483365694e-11,
          "r_squared": 0.0,
          "fit_success": true
        },
        "1000": {
          "ages": [
            30.0,
            24.0,
            18.0,
            12.0,
            6.0
          ],
          "accuracies": [
            0.0,
            0.0,
            0.0,
            0.0,
            0.0
          ],
          "fitted_b": 4.288157286144927,
          "fitted_a": 0.130378929005394,
          "fitted_c": 2.930436483365694e-11,
          "r_squared": 0.0,
          "fit_success": true
        }
      }
    },
    "456": {
      "seed": 456,
      "n_near_values": [
        0,
        10,
        50,
        100,
        200,
        500,
        1000
      ],
      "per_n_near": {
        "0": {
          "ages": [
            30.0,
            24.0,
            18.0,
            12.0,
            6.0
          ],
          "accuracies": [
            0.92,
            0.92,
            0.92,
            0.92,
            0.92
          ],
          "fitted_b": 1.2065357658015228e-05,
          "fitted_a": 0.4350197079969695,
          "fitted_c": 0.48499471871794714,
          "r_squared": -7.220796343079137e+20,
          "fit_success": true
        },
        "10": {
          "ages": [
            30.0,
            24.0,
            18.0,
            12.0,
            6.0
          ],