{
  "d_eff": 127.20755632930553,
  "d_95": 237,
  "d_99": 309,
  "d_nominal": 384,
  "eigenvalues_top100": [
    0.02970082778666743,
    0.024330274011075056,
    0.022919411299202164,
    0.01860065390205281,
    0.01697041210917707,
    0.01645503622766992,
    0.01475788036061414,
    0.014024013190230293,
    0.012696426836335236,
    0.012502204082437976,
    0.011862605146428753,
    0.01117529270684215,
    0.010590935319061938,
    0.010486207570147702,
    0.010245108331202143,
    0.010032528518039137,
    0.009420894258978348,
    0.009262584567115241,
    0.009114057927291447,
    0.009017850719941897,
    0.008770819936739345,
    0.008586716932716523,
    0.008255569304020181,
    0.008027492811425238,
    0.007870458132401902,
    0.007696496859621242,
    0.007480542104609757,
    0.007392014429310155,
    0.007197192643622106,
    0.007098240943422946,
    0.006941672652756052,
    0.006911579120741559,
    0.006599376288661476,
    0.006480915834544932,
    0.006386689530296038,
    0.006326911693152819,
    0.006163363159534505,
    0.006139568259433109,
    0.0059865522990149665,
    0.005845962862096724,
    0.005774991179679878,
    0.005699377810137659,
    0.0056225656170092505,
    0.005543512848989843,
    0.005447362007877001,
    0.00541203226093011,
    0.0053006859139980884,
    0.005281036551742498,
    0.005209642905541199,
    0.005130297573297393,
    0.005039831957943338,
    0.004962728506498865,
    0.004911831451620194,
    0.004885626961939449,
    0.004820341026211267,
    0.004810882582887879,
    0.004715935004377026,
    0.004648644246041214,
    0.004578613341406281,
    0.004532279953507979,
    0.004492287315402646,
    0.004449459004228327,
    0.004387242060791051,
    0.004305594880365901,
    0.0042481928415864035,
    0.0041875995479828945,
    0.00410429099360909,
    0.0040992394873396515,
    0.00404954886925928,
    0.0040057615812217045,
    0.003959566837771389,
    0.003941259117923212,
    0.003869139234266221,
    0.0038319932630684946,
    0.003803526020910707,
    0.0037833390208407863,
    0.0037312766170212535,
    0.0037073547448895003,
    0.0035980592011856413,
    0.003582982869193294,
    0.003531360606828526,
    0.0035275184342985935,
    0.0034939432754334658,
    0.003472159041540256,
    0.0033903480821750264,
    0.0033784068068745845,
    0.0033376975966584524,
    0.003300016044859366,
    0.0032637715307556768,
    0.003205711257124865,
    0.0031827622317903478,
    0.003164119057342987,
    0.0031394641883027256,
    0.0031166258307142435,
    0.003108319994283475,
    0.0030745845778866266,
    0.0030115250200616586,
    0.002990021346649307,
    0.0029380143698891988,
    0.0029138764221115776
  ],
  "explained_variance_ratio": [
    0.030960869669274284,
    0.025362472995206317,
    0.023891755180292622,
    0.019389776788755052,
    0.017690372851559496,
    0.017153132421338455,
    0.015383975615818522,
    0.014618974519552349,
    0.013235066017981799,
    0.013032603466654528,
    0.01236586988466065,
    0.011649398578979932,
    0.011040250138630324,
    0.010931079370455787,
    0.01067975162403838,
    0.010458153224932041,
    0.009820570706489751,
    0.00965554480982579,
    0.009500717006000607,
    0.00940042825885224,
    0.009142917325555416,
    0.00895100384912931,
    0.008605807457735834,
    0.008368054940783189,
    0.008204358148703194,
    0.008023016661093854,
    0.007797900140019245,
    0.007705616724999237,
    0.0075025297282748345,
    0.0073993800546218146,
    0.00723616943717718,
    0.007204799203011279,
    0.00687935133119308,
    0.0067558652550739565,
    0.00665764144979076,
    0.006595327569578535,
    0.006424840576073574,
    0.00640003618994251,
    0.0062405286084753165,
    0.0060939747391836226,
    0.006019992120742817,
    0.005941170894059626,
    0.005861099984334769,
    0.005778693444516275,
    0.005678463454912345,
    0.005641634862169816,
    0.005525564705463288,
    0.005505081729424728,
    0.005430659245609481,
    0.005347947729684376,
    0.005253644158529874,
    0.005173269634009209,
    0.005120213298543845,
    0.005092897097272189,
    0.005024841440310864,
    0.005014981727540801,
    0.00491600604831723,
    0.004845860515211351,
    0.004772858586551409,
    0.004724559529220111,
    0.00468287022463226,
    0.004638224945047883,
    0.004573368480749376,
    0.004488257461953409,
    0.0044284201720917295,
    0.004365256240110937,
    0.0042784133644567825,
    0.0042731475507102774,
    0.00422134883448518,
    0.004175703893952213,
    0.004127549362986149,
    0.0041084649478233025,
    0.004033285416313085,
    0.0039945635469681605,
    0.003964888597144486,
    0.0039438451742921776,
    0.003889574050574567,
    0.003864637305692031,
    0.0037507049564540528,
    0.0037349890190647482,
    0.0036811767095699228,
    0.003677171534906087,
    0.0036421719677150665,
    0.00361946354924077,
    0.003534181803269966,
    0.0035217339256916895,
    0.0034792976488008972,
    0.003440017477131365,
    0.0034022353087200777,
    0.0033417118587422663,
    0.0033177892331669005,
    0.0032983551319212315,
    0.003272654293124704,
    0.0032488470303158644,
    0.0032401888231751606,
    0.003205022199611545,
    0.0031392873734563858,
    0.0031168714180927,
    0.003062658072898143,
    0.0030374960854749455
  ],
  "architecture": "graph"
}