{
  "d_eff": 17.88928828412799,
  "d_95": 243,
  "d_99": 397,
  "d_nominal": 3584,
  "eigenvalues_top100": [
    0.0009219628727824734,
    0.00036478178528046186,
    0.00020955158699898196,
    0.00018459058690279914,
    0.000166223838727246,
    0.00012263709182993372,
    0.00011402942969599358,
    0.00010602513168296392,
    9.370920264953033e-05,
    8.351736679185306e-05,
    7.20804882043324e-05,
    6.170856270204545e-05,
    5.853937453710341e-05,
    5.1055631375914446e-05,
    4.692931477463512e-05,
    4.465226990820076e-05,
    4.028665477761445e-05,
    3.859461554489222e-05,
    3.77880448988508e-05,
    3.654208480005495e-05,
    3.378356705236794e-05,
    3.155141957108279e-05,
    3.0380416288536104e-05,
    2.8671993515915022e-05,
    2.7649679415309016e-05,
    2.7470161815805526e-05,
    2.5878484472398842e-05,
    2.473295334919828e-05,
    2.4104296737484544e-05,
    2.2870384079855695e-05,
    2.1924347663718322e-05,
    2.1436245725796206e-05,
    2.028202016900133e-05,
    1.9817031305643587e-05,
    1.8966115072347573e-05,
    1.87717287100514e-05,
    1.812696133937966e-05,
    1.750925443717318e-05,
    1.6791023830680016e-05,
    1.661096588654886e-05,
    1.609416435640607e-05,
    1.5828961939280182e-05,
    1.5229024925078358e-05,
    1.4833314287851461e-05,
    1.4487425549129333e-05,
    1.3978364854350607e-05,
    1.3759853729547316e-05,
    1.3528384098081367e-05,
    1.3308104334467944e-05,
    1.3020959531030729e-05,
    1.2881331941394623e-05,
    1.2685381725154388e-05,
    1.256423641970625e-05,
    1.191948441232401e-05,
    1.1673286222340859e-05,
    1.1550798927952315e-05,
    1.1103875711571602e-05,
    1.0927848817800692e-05,
    1.087028696526865e-05,
    1.0642064559470255e-05,
    1.0486990627894062e-05,
    1.0234969802274513e-05,
    1.008871130466349e-05,
    9.829413870347068e-06,
    9.778598628629165e-06,
    9.603249570814289e-06,
    9.46062345155062e-06,
    8.987240533783935e-06,
    8.918704689990282e-06,
    8.805931417301112e-06,
    8.669277359131994e-06,
    8.566707506060274e-06,
    8.52033055907679e-06,
    8.449498714951619e-06,
    8.305164623483656e-06,
    8.141159778994906e-06,
    8.026938945880957e-06,
    7.94666655849187e-06,
    7.780847539735376e-06,
    7.733261240236089e-06,
    7.609196008264721e-06,
    7.490282255610277e-06,
    7.42577684088106e-06,
    7.27337477629633e-06,
    7.238647634116941e-06,
    7.190532854925065e-06,
    7.086704606675373e-06,
    7.0181563953296766e-06,
    6.883601629840998e-06,
    6.773797448898168e-06,
    6.757710900415695e-06,
    6.676477904340972e-06,
    6.590069412623784e-06,
    6.514889711705965e-06,
    6.404133773058737e-06,
    6.320261465366356e-06,
    6.29566771786723e-06,
    6.248665030502791e-06,
    6.190746014328385e-06,
    6.107905523368572e-06
  ],
  "explained_variance_ratio": [
    0.19996058963770263,
    0.0791159633724045,
    0.045448748678320244,
    0.04003506397959042,
    0.036051578414898575,
    0.02659823504579718,
    0.02473135597016775,
    0.022995337961665002,
    0.020324188716762028,
    0.01811372496843204,
    0.01563322922018837,
    0.013383706598028558,
    0.012696354913006684,
    0.011073237822952733,
    0.010178298639411089,
    0.009684440103926282,
    0.008737600484442736,
    0.008370621322207977,
    0.008195687659770837,
    0.00792545669562327,
    0.0073271735633656165,
    0.006843052629982434,
    0.006589078729559476,
    0.0062185462113325835,
    0.005996820872507203,
    0.005957886067097168,
    0.005612673966375553,
    0.005364224613797807,
    0.005227877966368787,
    0.0049602599202795234,
    0.004755078122645248,
    0.004649215778085047,
    0.004398880726940245,
    0.004298031278402943,
    0.00411347969095273,
    0.004071320063087279,
    0.003931479221959296,
    0.003797507410257472,
    0.0036417334416845503,
    0.0036026814432361122,
    0.0034905945666993815,
    0.0034330759471677807,
    0.003302958170577461,
    0.0032171341806081053,
    0.003142115849408735,
    0.0030317078495918606,
    0.0029843159050266777,
    0.002934113445299134,
    0.00288633790821654,
    0.00282406029823706,
    0.0027937770666910168,
    0.0027512782612230907,
    0.0027250035733540003,
    0.0025851660643042584,
    0.002531769190427775,
    0.0025052034443092336,
    0.0024082721767837234,
    0.0023700944556307056,
    0.0023576101112902357,
    0.002308111928468345,
    0.0022744786057925324,
    0.0022198188853422103,
    0.002188097504487078,
    0.002131859591455966,
    0.0021208384907191995,
    0.002082807782511548,
    0.002051874212681747,
    0.00194920421353594,
    0.001934339767102282,
    0.0019098808536600915,
    0.0018802425386535296,
    0.0018579966013118504,
    0.0018479381033634171,
    0.0018325756872244142,
    0.0018012716825982263,
    0.001765701372366062,
    0.0017409285037260861,
    0.001723518568480532,
    0.0016875547897400437,
    0.001677234000489782,
    0.0016503260222285076,
    0.0016245353263135487,
    0.0016105450224251166,
    0.0015774911895691422,
    0.001569959368026626,
    0.001559523959073054,
    0.0015370050937760164,
    0.0015221379649968197,
    0.001492954956613328,
    0.00146913999679857,
    0.0014656510540062395,
    0.00144803277644576,
    0.0014292920077406952,
    0.0014129866035122755,
    0.001388965221034109,
    0.0013707745144497666,
    0.0013654404815982221,
    0.0013552462694911937,
    0.00134268446145383,
    0.0013247175411935722
  ],
  "architecture": "parametric"
}