{
  "d_eff": 158.1768421403687,
  "d_95": 404,
  "d_99": 642,
  "d_nominal": 1024,
  "eigenvalues_top100": [
    0.018666872709233444,
    0.016400115555438993,
    0.013184812827358687,
    0.012324048892559718,
    0.01191317858174129,
    0.009798622245461755,
    0.00888861209219127,
    0.00800434287298449,
    0.007744018933931207,
    0.007161668154340086,
    0.007033253112787214,
    0.0064208523110323434,
    0.006076542764860046,
    0.005839889689296187,
    0.0057287248675069475,
    0.00558405454607643,
    0.005478807609112355,
    0.005125094530882665,
    0.005070202275658023,
    0.0048222660162507616,
    0.004798353388390504,
    0.004687612670038754,
    0.004554907747257588,
    0.004464778613166529,
    0.004312466162776968,
    0.004138585717829171,
    0.004043000492932528,
    0.003927445686245548,
    0.0038431470374638505,
    0.0037853794280036314,
    0.0037153942349986684,
    0.003682019966095301,
    0.0035785694111282293,
    0.003540327718518051,
    0.003483204193714069,
    0.0034087489772988474,
    0.0033607500266964593,
    0.003351557716773097,
    0.0032417665439959725,
    0.0031737543228571555,
    0.003134043235738978,
    0.003059766087402847,
    0.0030368437747504023,
    0.002976626115277958,
    0.002948910154293848,
    0.002891470798761381,
    0.002863564280023429,
    0.002857356995525412,
    0.0028510744751287583,
    0.0027738565181577085,
    0.002715346912450682,
    0.0026963521213858054,
    0.0026769432962477297,
    0.0026506059497947393,
    0.002600503229263111,
    0.002591919548656043,
    0.0025530760000314085,
    0.0025149540463544713,
    0.002481256428826163,
    0.0024450381410895676,
    0.002427690824774988,
    0.0023957725251395274,
    0.002380991033012017,
    0.0023769975360830335,
    0.002344829123071681,
    0.002320734529283778,
    0.0022997623009527535,
    0.002273455309177826,
    0.0022372390858671157,
    0.002223946100121338,
    0.002191481748126815,
    0.002163781232219453,
    0.002133696797706278,
    0.0021063616978717926,
    0.0020996299070400815,
    0.0020807442921786366,
    0.0020676296447091516,
    0.002048428542125145,
    0.002022448569192979,
    0.002007298782478626,
    0.001979037297964148,
    0.0019744610413304203,
    0.0019504681240458236,
    0.0019231122379296769,
    0.0019006758779486052,
    0.0018892386102055878,
    0.0018803210169123002,
    0.0018628660415022545,
    0.0018425968096753011,
    0.0018291675929589615,
    0.0018129093156485526,
    0.001798792467658826,
    0.0017929846752810558,
    0.0017791886311981,
    0.0017572441705890312,
    0.0017535349597035026,
    0.001742545125378121,
    0.0017117280247498212,
    0.0017110655523754948,
    0.001688159615250213
  ],
  "explained_variance_ratio": [
    0.029093789245784152,
    0.025560869943706932,
    0.02054956776206771,
    0.01920799947157276,
    0.018567625777676608,
    0.015271923420118684,
    0.01385360102497645,
    0.012475397900067872,
    0.012069662566869706,
    0.011162023075646224,
    0.010961878133688171,
    0.010007403319522198,
    0.009470769812255959,
    0.009101927381492724,
    0.008928668263746584,
    0.008703188189639829,
    0.00853915256082866,
    0.007987862909273806,
    0.007902309012292358,
    0.007515880852099523,
    0.0074786111408781525,
    0.007306013021694597,
    0.007099181962447937,
    0.0069587086184124776,
    0.0067213176852782466,
    0.006450311336326606,
    0.0063013342456552665,
    0.006121232991178647,
    0.005989846917058907,
    0.005899811554357952,
    0.005790734126803376,
    0.005738717703868943,
    0.00557748187768352,
    0.005517879192084648,
    0.00542884768597697,
    0.005312803375375215,
    0.005237993235798171,
    0.0052236662978178226,
    0.005052548120093006,
    0.004946545724363825,
    0.0048846528718580196,
    0.004768886094362381,
    0.00473315986727956,
    0.004639305908940888,
    0.004596108403918142,
    0.004506584650780389,
    0.004463090146511128,
    0.004453415605425058,
    0.004443623803273743,
    0.004323273544229307,
    0.0042320817220205375,
    0.0042024768462270755,
    0.00417222666576722,
    0.004131177839917699,
    0.004053088809446806,
    0.004039710468123911,
    0.0039791697425912145,
    0.003919753679537131,
    0.003867233292339725,
    0.003810784242374839,
    0.0037837470855517424,
    0.0037339999052316804,
    0.003710961787203304,
    0.0037047376081554622,
    0.0036546006064679384,
    0.0036170472870369185,
    0.0035843604197409585,
    0.0035433589040445596,
    0.003486913071649781,
    0.003466194907886679,
    0.003415596662018618,
    0.003372423229362721,
    0.0033255342720671607,
    0.0032829303691004038,
    0.0032724383436414403,
    0.0032430036275476115,
    0.0032225634180142165,
    0.0031926369894920217,
    0.003152145158381729,
    0.0031285330242738054,
    0.0030844852779241716,
    0.003077352822043094,
    0.0030399579734392192,
    0.0029973216734176756,
    0.0029623528417928174,
    0.0029445269604871415,
    0.002930628189980918,
    0.0029034232379902707,
    0.0028718320460357862,
    0.002850901555590652,
    0.0028255617517072423,
    0.0028035595338411117,
    0.0027945076326440495,
    0.0027730054128974864,
    0.0027388032451312245,
    0.0027330221482408834,
    0.002715893627106726,
    0.0026678627520473814,
    0.00266683023674929,
    0.002631129532213469
  ],
  "architecture": "vector_db"
}